164946;MAILLOT DE FOOT BLEU ML;12
164948;MAILLOT DE FOOT ROUGE ML;13
519669;PR CHAUSSURES DE FOOT LAMELLE MOULEE;14
900431;PR CHAUSSURES DE SPORT;15
900925;PR CHAUSSURES DE FOOT;16
900941;BAS DE JOGGING;17
4135;NETTOYANT SDB ANTI CALCAIRE BOUILLOTE SPECTRA;18
384;BILLES CHEWING GUM;19
63;RL BAMBINO;20
68;SUCETTE ROCK;21
229P05;GOMME SAVEUR PIN;22
831;6 BISCUITS ENROBES CHOCOLAT CARAMEL;23
C200A;BALLOTIN TRUFFE NATURE;24
C201A;BALLOTIN TRUFFE NOISETTE;25
C289;CACHET POUDRE SOUCOUPE VO;26
C54;TOURON DUR CACAHUETE;27
Z89206;BIBERON POUDRE + SUCETTE;28
12942;PR CHAUSSETTES LICENCE;29
13050544;PR CHAUSSETTES 3/4 RAYEES;30
13050955;PR CHAUSSETTES RAYEES REVERS;31
13138205;PR CHAUSSETTES COEUR;32
13192220;PR CHAUSSETTES TIGES 3/4 COPINES;33
33050258;PR CHAUSSURES NAISSANCE;34
43050472;PR CHAUSSETTES PIED FORME LICENCE;35
43059447;PR CHAUSSETTES 3D;36
63520216;PR CHAUSSETTES SKI;37
83050262;PR TIGES COURTES RAYEE;38
83050381;PR CHAUSSETTES ABS TOUCHER DOUX;39
83130956;PR CHAUSSETTES GIRL STRASS;40
83131056;PR CHAUSSETTES AR EN CIEL;41
83150453;PR CHAUSSETTES UNIES;42
83194603;PR CHAUSSETTES ELECTRONIQUE;43
83196030;PR CHAUSSETTES LICENCE;44
83198130;PR CHAUSSETTES LICENCE;45
83301602;PR TIGES COURTES LICENCE;46
83301702;PR TIGES COURTES LICENCE;47
93150753;PR CHAUSSETTES UNIE COTON ELASTHANNE;48
93156202;PR CHAUSSETTES ELECTRO JEAN;49
8052;PR CHAUSSETTES LICENCE 23/26;50
08094/02;PR CHAUSSETTES LICENCE;51
DI2121;6 PCS MAQUILLAGE + TROUSSE EN SET;52
KB5002;MANIQUE SILICONE COULEUR;53
KB5012;SPATULE SILICONE;54
KB5014;FOUET SILICONE;55
410260;HABITS SCOOTER;56
4930;MONSIEUR GASTON;57
666666001;JUPE;58
666666003;PULL DIVERS;59
666666004;PANTALON;60
666666005;TAILLEURS DIVERS;61
666666007;SWEATS DIVERS;62
666666009;HAUT DIVERS;63
666666011;TEE SHIRTS DIVERS;64
666666012;SHORTS/BERMUDA DIVERS;65
666666013;BAS DE JOGGING DIVERS;66
666666014;SURVETEMENT;67
666666018;BLOUSONS DIVERS;68
666666020;CALECONS LONGS DIVERS;69
666666021;GILETS DIVERS;70
666666022;PR CHAUSSETTES;71
666666030;PYJAMA DIVERS;72
666666031;BLOOMER DIVERS;73
666666034;SLIP DE BAIN;74
666666039;COUPE VENT;75
666666042;CRAVATE DIVERSE;76
666666044;VESTES DIVERS;77
666666048;RASOIR;78
666666055;MAILLOT;79
666666057;BONNET/BANDEAU;80
666666061;SALOPETTES DIVERSES;81
666666063;VESTES CAPUCHE DIVERSES;82
666666064;ENS DIVERS;83
666666069;ACCESSOIRES;84
666666073;ACCESSOIRES SDB;85
666666081;BALLON;86
666666089;BOUGIE;87
666666093;CADRE PHOTO DIVERS;88
666666099;CASSEROLES DIVERSES;89
666666105;PR CHAUSSURES DE SPORT;90
666666109;VAPORISATEUR DIVERS;91
666666111;COFFRETS DIVERS;92
666666138;FAITOUTS DIVERS;93
666666144;GOBELETS DIVERS;94
666666149;HYGIENE DIVERS;95
666666157;LUNETTE;96
666666159;MAQUILLAGE DIVERS;97
666666161;SAC DIVERS;98
666666167;MOUCHOIRS;99
666666172;OUTILS PM;100
666666179;PARFUMERIE DIVERSE;101
666666183;PENDULE;102
666666187;PILE;103
666666192;PLATEAU;104
666666194;POELES DIVERSES;105
666666200;BRIQUET;106
666666215;SAUTEUSES DIVERSES;107
666666241;TRI COURRIER DIVERS;108
666666246;VERRES;109
666666251;BOITES RANGEMENT;110
666666260;PAPIER;111
666666278;POT A CRAYONS DIVERS;112
666666319;TROUSSE TOILETTE DIVERSE;113
666666361;VIDE POCHE DIVERS;114
666666374;PRISE;115
CHAUSSURES;PR CHAUSSURES;116
D.P.H.;D.P.H.;117
DIVERS;DIVERS;118
JOUET;JOUET;119
TEXTILE;TEXTILE;120
Z15NU;MAQUILLAGE;121
Z15NUHDG;MAQUILLAGE NU HDG;122
Z15NURAL;MAQUILLAGE NU RAL;123
Z15NUVAO;MAQUILLAGE NU VAO;124
120;20 LINGETTES DEMAQUILLANTES PEAUX NORMALES;125
661;TONIFIANT EAU DE ROSE;126
920;MASQUE CAPILLAIRE CHEV TERNE ABIME;127
950;MASQUE CAPILLAIRE CHEV COLORES ABIMES;128
7001;DEO BILLE GLACIAL HOMME;129
7002;DEO BILLE ROSEE DU MATIN;130
7003;DEO BILLE FLEUR DE COTON;131
2112601;SHAMPOING 2 EN 1;132
40009;GEL DOUCHE FLEUR DE LOTUS;133
72337;GEL EFFET MOUILLE EN TUBE;134
72378;GEL LAVANT BEBE;135
AM40005;GEL DOUCHE AMANDE;136
D40006;GEL DOUCHE FLEUR DE COTON;137
D40008;LAIT TOILETTE BEBE;138
D72338;GEL COIFFANT EXTRA FORT EN TUBE;139
D80123;20 LINGETTES DEMAQUILLANTES PEAUX SENSIBLE;140
GR12601;SHAMPOING CHEVEUX GRAS;141
NO12601;SHAMPOING CHEVEUX NORMAUX;142
SE12601;SHAMPOING CHEVEUX SECS;143
F30039/42;2 PR TIGES COURTES 39/42 BLANC;144
F30043/46;2 PR TIGES COURTES 43/46 BLANC;145
H30039/42;3 PR CHAUSSETTES 39/42 BLANC;146
H30043/46;3 PR CHAUSSETTES 43/46 BLANC;147
H40039/42;3 PR CHAUSSETTES 39/42 GRIS;148
H40043/46;3 PR CHAUSSETTES 43/46 GRIS;149
081G033;DORS BIEN VELOURS LICENCE 1/6MOIS;150
611D005;CALECON JERSEY LICENCE;151
6,11E+16;CALECON JERSEY LICENCE;152
6,12E+02;SHORTY LICENCE;153
615D002;CALECON TISSE LICENCE;154
615D004;CALECON LICENCE TISSE;155
61B062;CALECON JERSEY LICENCE;156
804G012;BIG TEE SHIRT LICENCE;157
824F002;BIG TEE SHIRT LICENCE;158
501776;BRACELET SILVER ROND;159
D02OB01201;DEO ATO DERMO-PROTECTEUR PEAUX SENSIBLES;160
D02OB01202;DEO ATO FRAICHEUR ORIGINELLE;161
D02OB01204;DEO ATO PURETE DU LOTUS;162
D04BR01250;LAIT REPARATEUR ANTI DESSECHEMENT;163
D04FR01154;MASQUE POT HYDRALISS;164
D04SN04200;GEL NETTOYANT ASSAINISSANT PURE ACTIVE;165
D04UD02301;MASQUE POT NOIX PECHE CHEV SEC ET REBELLE;166
D04UD02302;MASQUE POT OLIVE CITRON CHEV SEC ET TERNE;167
D05FR01263;SHAMPOING FORTIFIANT FRESH CHEVEUX NORMAUX;168
D05FR05153;GEL TUBE STRUTURANT FIX EXTRA FORT;169
D05FR09150;GOMME DECOIFFANTE EFFET MAT;170
D05UD01254;SHAMPOING OLIVE CITRON CHEV SEC ET TERNE;171
D05UD01255;SHAMPOING LAIT DE VANILLE CHV LONG;172
D05UD01256;SHAMPOING CAMOMILLE CHEV BLOND;173
D05UD01257;SHAMPOING TILLEUL CHEV NORMAUX;174
D05UD01258;SHAMPOING NOIX PECHE CHEVEUX SEC ET REBELLES;175
D05UD01259;SHAMPOING ENFANT 2 EN 1 ABRICOT;176
D05UD01260;SHAMPOING PAMPLEMOUSSE THE VERT CHERV NORMAUX;177
D09GR06153;GEL TUBE FIXANT EFFET MOUILLE;178
D09GR12300;MASQUE POT MEGA FIXANT FIXATION EXTREME;179
D17UD01204;APRES SHAMPOING NOIX PECHE CHEV SECS ET REBELLE;180
D17UD01205;APRES SHAMPOING OLIVE CITRON CHEVEUX SEC ET TERNE;181
1350137;LANCEUR 3 ROUES;182
2992;PUZZLE 1000 PCS;183
7687;PUZZLE 45 PCS DISNEY 220X278MM;184
41878;HOLO CARTES;185
47936;2 PUZZLES 35 PCS MON PETIT PONEY 245X194MM   4 ANS+;186
72255;STUNT STACKERS;187
15110;BOITE VERSEUSE 2L;188
16665;BAC A GLACONS AVEC COUVERCLE;189
17370;3 BOITES RONDES 0.3L;190
180157;ROBOCOP 2001;191
180285;PAS SI GRAVE;192
55685;LUNETTES DE NATATION WATER PRO;193
56483;PISCINE RECTANGULAIRE FAMILY 262X175X56CM;194
58167;PLANCHE DE NATATION GONFLABLE 79X76CM;195
58484;PISCINE RECTANGULAIRE FAMILY;196
58546;CROCODILE A CHEVAUCHER 168X86CM;197
58590;JOUET DE BAIN GONFLABLE;198
58660;GILET NATATION 50X47CM;199
58802;FAUTEUIL GONFLABLE PISCINE 160X85CM;200
58889;FAUTEUIL GONFLABLE PISCINE 137X122CM;201
58915;PISCINE 147CMX33CM LICENCE;202
59220;BOUEE TETE ANIMAL;203
59703;MATELAS UNI 183X69CM;204
59894;MATELAS PISCINE TRANSPARENT 188X71CM;205
68671;OREILLER DE CAMPING;206
68758;MATELAS LIT D APPOINT 2 PLACES 137X192X22CM;207
68950;MATELAS LIT D APPOINT 1 PLACE 76X191X22CM;208
44512;COUVERTS A SALADE;209
44513;SALADIER DIAM 32CM;210
44517;PORTE EPONGE PLASTIQUE;211
44518;BOITE A FROMAGE;212
159025;VOITURE 1/43E;213
159038;MOTO A MONTER 1/12E;214
159050;VOITURE 1/32E;215
159054;MOTO 1/12E;216
188543;3 SERPILLIERES;217
2238;BLOC + CHAISE ENFANT 78 PCS;218
316204;TAPIS DE BAIN 600G;219
322261;VOITURE DE COLLECTION ALLEMAGNE;220
3350;JEU DE SOCIETE ATTRAPE MOI SI TU PEUX;221
3369;JEU DE SOCIETE VOITURE;222
34307;DESSOUS PLAT MELAMINE;223
3850;JEU SOCIETE;224
622105;AVION FILOGUIDE;225
622471;PENDULE EDUCATIVE OURSON;226
622473;LOCO 1ER AGE;227
625817;PR GANTS JARDIN;228
625823;AERATEUR DE TERRE SANS EFFORT;229
628174;BARBECUE CANARIES A CHARBON;230
632390;3 BOULES PETANQUE EN SET;231
632901;BLOC 5 MULTIPRISES;232
632902;RALLONGE AVEC TERRE 3M;233
632905;SOCLE 3 PRISES TERRE;234
632914;CACHE PRISE ELECTRIQUE;235
638100;APPAREIL PHOTO JETABLE 24 POSES + 3;236
640022;2 PASSOIRES;237
640600;POT POURRI 140G;238
640646;JEUX DIVERS;239
643B;ORDINATEUR 24 ACTIVITES;240
646086;2 COUVERCLES CUISSON;241
647190;300 CROCHETS BOULE;242
6505595;CHEVAL MUSICAL;243
653334;GRILLE BARBECUE GM RECTANGULAIRE;244
653360;SET DE TABLE BAMBOU;245
656051;TABOURET FANTAISIE;246
656066;FIXE POT 24CM;247
656082;ETAGERE ANGLE 3 NIVEAUX;248
656102;2 PINCES BARBECUE;249
656103;VENTILATEUR BARBECUE;250
656161;THERMOMETRE 41CM;251
660620;COSTUME PERE NOEL FEUTRINE;252
660623;CHAPEAU ADULTE PERE NOEL LUMINEUX 5 LED;253
660627;BOTTE NOEL SURPIQUEE BRODEE NOEL;254
660634;BONNET MERE NOEL ETOILE LUMINEUX 2XR6 NON INCLUSES;255
661286;PR NU PIEDS TONGS;256
662050;NATTE DE PLAGE 86X178CM;257
662051;NATTE DE PLAGE FUN 86X180CM;258
663341;2 RL ADHESIF TRANSPARENT 20M;259
664480;100 PANSEMENTS;260
665063;TAPIS BAMBOU 60X90CM;261
66702;MATELAS GONFLABLE 2 PLACES ELECTRIQUE 220V;262
672402A;GUIRLANDE BRIN FIN BRILLANT UNI ET BICOLORE 75X4X2M;263
672502F;GUIRLANDE 15 PAQUETS CADEAUX BRILLANT 1.50M;264
672703;BALAI DECO 45CM JN;265
672705;PERE NOEL A SUSPENDRE 22CM;266
672707;BANDEROLLE JOYEUX NOEL;267
672952;RL TAPIS NEIGE 0.90X2.40M;268
673720;RL BOLDUC METALISSE GM 100X0.5CM;269
673721;BOLDUC IMPRIME GAUFFRE OU DECORE 40X10CM;270
675180;VILLAGE ILLUMINE SOUS LA NEIGE 3 MAISONS GM +ADAPTATEUR;271
675182;VILLAGE ILLUMINE SOUS LA NEIGE 5 MAISONS MM +GUIRL PILE;272
676206;GRILLE BARBECUE RONDE 40X70CM;273
676212;3 USTENSILES BARBECUE LUXE;274
677639;CUISINE SON ET LUMIERE;275
677645;VEHICULE DE POLICE + ACCESSOIRES EN COFFRET;276
677648;4X4 POLICE + VEHICULE + SOLDATS EN COFFRET;277
677708;VOITURE DE L EXTREME RDC;278
677821;POUPEE MALLEABLE HAUTE COUTURE 29 CM;279
678608;PISTOLET ARROSOIR 7 FONCTIONS + RACCORD TUYAU;280
678625;PORTE PLANTE DECOR FEUILLE;281
682117;PICS BROCHETTE BOIS X100;282
682147;PLUMEAU MICRO;283
684050;20 BATONS ENCENS;284
750471;DECO VITRE LASER EN SACHET;285
750472;DECO VITRE TRADITION;286
750477;ETIQUETTES AUTOCOLLANTES LASER EN SACHET;287
769302;SAPIN 150CM VERT 130 BRANCHES;288
770001;AUTOMATE PERE NOEL 30CM;289
770021;PERE NOEL GRIMPEUR 90CM;290
770029;4 PERES NOEL SUR CORDE 150CM;291
875001;GNI DIAMANT 50L CLI MULTI FV;292
875002;GNI DIAMANT 100L CLI MULTI FV;293
875005;GNI COLOR 100L FIX 4ASS FA;294
875010;GNI PERLES 50L FIX 3ASS FV;295
875430;DKI BRANCHE DECO 80 LUCIOLES BLC CHD 1M20 TRANSFO;296
875570;FTE 2D ETOILE  SAPIN 1M FIX 8ASS TT;297
985054;CHAISE CAMPING PLIANTE;298
9903;PETIT PIANO MUSICAL;299
E5049-4;BOITE DE RANGEMENT 4;300
G105;CHARIOT BLOC DE CONSTRUCTION BOIS;301
G67;GUITARE ROCK AND ROLL;302
MD1105;POUPON RIEUR 30CM;303
SC363;CABINE TELEPHONE MULTIFONCTION;304
SC392;LIVRE ELECTRO 4 PAGES;305
SC602;GUITARE ELECTRONIQUE;306
TF562;CHEVAL DE PRINCESSE PM;307
22301;SERVIETTE DE TOILETTE 50X90CM 400G M2;308
A09FX07152;INVISI GEL MINERAL FX FIXATION FORTE 24H;309
B02ME02051;DEO STICK LARGE 24H MARINE;310
B02ME02052;DEO STICK LARGE 24H MUSK;311
B02ME02053;DEO STICK LARGE 24H VERT;312
B02ME03076;DEO STICK GEL 48H X-TREME OCEAN SURF;313
B02ME03077;DEO STICK GEL 48H X-TREME ICE FRESH;314
B02ME03078;DEO STICK GEL 48H X-TREME PACIFIC BLUE;315
B02MX01003;SOIN DES LEVRES ANTIDESSECHEMENT;316
B02MX04004;2 SOINS DES  LEVRES ANTIDESSECHEMENT;317
B02NA01204;DEO ATO FRAICHEUR COLOGNE;318
B02NA01209;DEO ATO 200+50 24H INVISIBLE FRAICHEUR PURE;319
B02NA08055;DEO BILLE FRAICHEUR SATIN;320
B02US01201;DEO ATO 24H VANILLE DE POLYNESIE;321
B02US01206;DEO ATO 24H ORCHIDEE DU MEXIQUE;322
B02US01207;DEO ATO 24H PULPE DE GRENADE DES ACORES;323
B04MX01301;LAIT 250+50 TOILETTE;324
B04MX03251;LAIT CORPS ANTI DESSECHEMENT;325
B04MX03252;LAIT CORPS REPARATEUR;326
B04MX03254;LAIT APAISANT NOURISSANT PEAUX  SENSIBLE;327
B04MX04077;CREME DE SOIN ANTIDESSECHEMENT;328
B04MX07201;CREME DE SOIN ANTIDESSECHEMENT EN POT;329
B04US02150;SOIN DU CORPS ATO;330
B04VT02400;ATOMISEUR EAU MINERALE NATURELLE;331
B04VT02400X2;2 ATOMISEURS EAU;332
B05DO01402;SHAMPOING AUX OEUFS TS TYPES CHEV;333
B05DO01403;SHAMPOING A L AMANDE DOUCE TS TYPES DE CHEV;334
B05DO01404;SHAMPOING AUX VITAMINES PARFUM ORANGE CHEVEUX NORMAUX;335
B05DO01405;SHAMPOING 2 EN 1 AU KARITE CHEVEUX TRES SECS OU FRISES;336
B05DO01406;SHAMPOING AU LAIT VEGETAL HYDRATANT TOUS TYPES DE CHEVEUX;337
B05DO01408;SHAMPOING TRAITANT ANTIPELLICULAIRE;338
B05DO02201;SHAMPOING VANILLE  2 EN 1;339
B05MX01251;SHAMPOING CHEVEUX D ADULTE;340
B09CA02301;LAQUE CHEVEUX GRAS;341
B09CA02302;LAQUE CHEVEUX NORMAUX;342
B09CA02303;LAQUE CHEVEUX SECS;343
B09VD01153;GEL COIFFANT FIXATION BETON;344
B09VD03152;GEL COIFFANT TUBE EFFET MOUILLE;345
B09VD06251;SPRAY COIFFANT FIXATION FORTE;346
B09VD06252;SPRAY COIFFANT EXTRA FORT;347
B09VD06302;ATO  250+50  COIFFANT FIXATION  EXTRA FORT;348
B11MX01251;GEL BAIN ET DOUCHE TRES DOUX 200+50;349
B11US01252;DOUCHE ENERGISANTE AU BOIS DE CEDRE DE L ATLAS;350
B11US01253;DOUCHE RELAXE A L HUILE D YLANG DES COMORES;351
B11US01258;DOUCHE EXALTE ORCHIDE;352
B13ME01205;GEL DE RASAGE PEAUX SENSIBLES HYPOALLERGENIQUE;353
B13ME02251;MOUSSE A RASER PEAUX NORMALES HYDRATANTE;354
B13ME02252;MOUSSE A RASER DOUCEUR MENTHOLEE EXTRA FRAICHEUR;355
B13ME02253;MOUSSE A RASER PEAUX FRAGILES HYPOALLERGENIQUE;356
B13ME02254;MOUSSE A RASER PEAUX SENSIBLES BARBE DIFFICILE;357
C04BEV01201;EAU DE SOIN VITALE AUX ESSENCES NATURELLES;358
C07BE01251;EDC ESSENCE FRAICHE;359
C07BE01252;EDC NATURELLE;360
C12GH01152;DEO ATO TITANIUM;361
F03EJ02076;EDT VAPO POSSESSION;362
F03EJ02078;EDT VAPO ROCK N LOVE;363
F03EJ02081;EDT VAPO SECRET D ELEXIR;364
F03EJ02082;EDT VAPO ESSENTIEL;365
52030001;PR MI BAS RESILLE NOIR;366
54020109;PR MI BAS COEUR;367
ST4704;5 PR MI BAS MOUSSE NOIR;368
ST4716;4 PR MI BAS VOILE ELASTHANNE NOIR;369
ST4719;4 PR SOCQUETTES MOUSSE NOIR;370
A04BX02200;GEL CREME ANTI CELLULITE PERFECT SLIM;371
A04BX02201;GEL CREME ANTI CELLULITE PERFECT SLIM NUIT;372
A04EL03105;SOIN INSTANTANE COLOR VIVE;373
A04EL04151;SPRAY  COLOR VIVE UV PROTECTEURS SPECIAL SOLEIL;374
A04PZ05075;SOIN ANTI REGRAISSANT HYDRA PURE;375
A04PZ28150;GEL DESINCRUSTANT TUBE;376
A04SU01150;LAIT FLUIDE FONDANT AUTOBRONZANT VISAGE ET CORPS;377
A04SU04150;GELEE FRAICHE AUTOBRONZANTE VISAGE ET CORPS;378
A04SU04151;GEL TEINTE SUBLIMATEUR AUTOBRONZANT CORPS;379
A05EL01259;SHAMPOING COLOR VIVE CHEVEUX COLORES;380
A09EN01151;LAQUE SATIN FIXATION FORTE JANE FONDA;381
A09EN01153;LAQUE SATIN FIXATION NORMALE JANE FONDA;382
A09EN03301;LAQUE SATIN FIXATION FORTE 100 ANS DE BEAUTE;383
A09EN03303;LAQUE SATIN FIXATION NORMALE JANE FONDA;384
A09FX07151;GEL FONDANT  ULTRA FIXANT EN TUBE;385
A10CP02000;COLORATION BLOND PEPS;386
A10CP03000;COLORATION CUIVRE FIZZ;387
A10CP06000;COLORATION ROUX PUNCH;388
A10CP10000;COLORATION PEPS VIOLINE;389
A10CP12000;COLORATION NOIR VIOLINE;390
A10CR01125;SPRAY ECLAIRCISSANT EFFET SOLEIL;391
A10DE04000;COLORATION 42 CHATAIN;392
A10DE06000;COLORATION 46 CHATAIN NATUREL CENDRE;393
A10DE11000;COLORATION 72 BLOND NATUREL;394
A10EX02000;COLORATION 1 NOIR;395
A10EX03000;COLORATION 1 CACHEMIRE ROUGE FONCE;396
A10EX07000;COLORATION 4 / 54 CHATAIN ACAJOU CUIVRE;397
A10EX08000;COLORATION 4 / 56 ACAJOU;398
A10EX10000;COLORATION 5/3 CHATAIN CLAIR DORE;399
A10EX12000;COLORATION 5/6 CHATAIN CLAIR AUBURN;400
A10EX14000;COLORATION 6 BLOND FONCE;401
A10EX16000;COLORATION 7 BLOND;402
A10EX17000;COLORATION 7/1 BLOND CENDRE;403
A10EX19000;COLORATION 8 BLOND CLAIR;404
A10EX21000;COLORATION 8 / 42 BLOND CLAIR CUIVRE;405
A10EX24000;COLORATION 9 / 3 BLOND TRES CLAIR DORE;406
A10EX26000;COLORATION 02 BLOND ULTRA CLAIR DORE;407
A10FE21000;COLORATION P 75 PURE COPPER POWER;408
A10FE27000;COLORATION P13 FLASH GOLDEN BROWN;409
A10FE28000;COLORATION P 15 FLASH RED BROWN;410
A10FE33000;COLORATION NO 901 TECK HOMME;411
A10OC14000;COLORATION SR AURORE ROUGE;412
A10RE02000;COLORATION A BIS NAPOLI NOIR;413
A10RE03000;COLORATION TAHITI CHATAIN;414
A10RE04000;COLORATION E CHATAIN CLAIR;415
A10RE05000;COLORATION 5.3 CHATAIN CLAIR DORE;416
A10RE06000;COLORATION H 3 JERSEY BLOND FONCE BEIGE;417
A10RE08000;COLORATION 9.13 BLOND CLAIR CLAIR BEIGE;418
A10RE09000;COLORATION O SCANDINAVIE BLOND TRES CLAIR ECLAIRCISSANT;419
A10RE10000;COLORATION S ACAJOU CUIVRE ROUX;420
A10RE11000;COLORATION V FLORIDE BLOND DORE;421
A10RE13000;COLORATION X4 VERONESEBLOND CLAIR CUIVRE;422
A10RE22000;COLORATION A3 HAVANE      AMBRE CLAIR;423
A10RE24000;COLORATION M 2 MARRON GIVRE;424
A10RE25000;COLORATION M3 MARRON CLAIR IRISE;425
A10RE27000;COLORATION N4  VIOLINE;426
A10RE29000;COLORATION 01 BLOND TRES TRES CLAIR NATUREL;427
A10RE30000;COLORATION 02 BLOND TRES TRES CLAIR DORE;428
A10RE31000;COLORATION 03 BLOND PLATINE;429
A10RE35000;COLORATION U VENISE BLOND FONCE ACAJOU;430
A10RE36000;COLORATION B BRAZILIA CHATAIN FONCE;431
A17EL01203;APRES SHAMPOING  COLOR VIVE CHEVEUX COLORES MECHES;432
A17EL01205;SOIN CREME REPERATEUR  ANTI CASSE CHEVEUX SECS;433
L87401;PALETTE MAQUILLAGE ESSENTIAL COLORS 11 PCS;434
LOREALMAQN;MAQUILLAGE RETOUR NU;435
SE08277;SPRAY IP20;436
55313;TAMPON MODE;437
5785;VOITURE SERIE VITESSE;438
B6695;BRYANT + SKATE BOARD MY SCENE;439
C0852;RIVER VACANCES DANS LES ILES MY SCENE;440
C1263;HABIT;441
G8300;BATTLE X PACK;442
G8314;BATTLE X;443
G9141;JEU ROBOTS;444
M55312;TAMPON MODE;445
49;TAPIS SDB COTON;446
31014;SERVIETTE DE TOILETTE 50X90CM 450G M2;447
31070;SERVIETTE DE TOILETTE 50X100CM LICENCE;448
31416;DRAP DE BAIN 70X130CM  EPONGE 450G M2;449
31425;DRAP DE BAIN 70X130CM LICENCE;450
32005;SERVIETTE 50X100CM;451
M32100;2 GANTS TOILETTE;452
34000;BOXER COTON ELAST CEINTURE SPORT;453
M31105;SLIP MICRO TULLE;454
76000;PORTABLE / REVEIL / TELEPHONE;455
10229NN;MON NOUNOURS 20CM;456
103133;LAPIN HOCHET 20CM EN SACHET;457
103214;COCHON BOULE MUSIQUE;458
103234;COCHON PANTIN 35CM EN BOITE;459
141637;NOMBRILOU 45CM;460
164004;LAPIN BABY BOUTCHOU CALINETTE ORANGE;461
164022;LAPIN BABYNOU 25 CM LILAS;462
164024;LAPIN BABYNOU 25CM ORANGE;463
164152;ZOZO BOUTCHOU 28CM SAUMON BLEU;464
164192;ZIPA GRELOT 28CM ROUGE;465
164193;MAMETTE GRELOT 28CM POMME;466
164221;ZOZO CACHE TRESOR 40CM;467
164222;BIBI CACHE TRESOR 40CM;468
164231;BALLON HOCHET 10 CM SAUMON BLEU;469
165126;OURS MARIONNETTE PETIT NINNIN ROUGE;470
165142;OURS MARIONNETTE PETIT NINNIN PURPLE;471
165145;OURS MARIONNETTE PETIT NINNIN JAUNE;472
165146;OURS MARIONNETTE PETIT NINNIN ORANGE;473
165147;OURS MARIONNETTE PETIT NINNIN VERT D EAU;474
499045;OURS DOUDOU MARIONNETTE;475
76050;ANIMAUX DE LA FERME;476
901942;PELUCHE DOUDOU 20CM EN BOITE;477
932337;POLDO;478
932630;LES AMIS DE MOUSTILOU;479
BESTEVERMM;EXTRA TERRESTRES;480
110541;PR GANTS UNI;481
210555;PR GANTS MAGIC MULTICOLORE;482
901545;DORS BIEN;483
100078;CRAVATE;484
41006;POT A CRAYONS METAL LICENCE;485
871454;CAHIER A4 PIQUE 96P SEYES 90G;486
111MIN;PARKA LICENCE;487
3647BAR;BRASSIERE + CULOTTE LICENCE;488
BAR3637;BRASSIERE PINK GIRL 5 LICENCE;489
CHF4850;TOP LICENCE;490
CHF5671;SHORTY LICENCE;491
TJ5260;PANTACOURT MICRO MULTIPOCHES LICENCE;492
7084;CLEAR BOX 18L 40X33.5X17CM;493
7513;MEUBLE RANGEMENT A ROULETTES PVC 3 ETAGERES 22X60X78CM;494
7770;CASIER 6 BOUTEILLES;495
015CRUC501;3 SLIPS;496
015CRUC501/3;SLIP;497
BH6440C1;SHORTY FANTAISIE;498
DL0200C2;2 SLIPS GRANDE TAILLE;499
DL4300P3;3 SLIPS LYCRA BLANCS;500
DL4700C1;CULOTTE GAINANTE;501
DL8150C1;STRING FANTAISIE;502
DM8010C1;SLIP SANS COUTURE;503
FE6280C1;SLIP + BRASSIERE;504
FE6710C1;SLIP + BRASSIERE;505
FE6760C1;SLIP + BRASSIERE;506
FE8290C1;SLIP + BRASSIERE;507
FH0200C1;SHORTY LYCRA;508
FH0210C1;SHORTY LYCRA FLEURS;509
LG0840C1;DORS BIEN VELOURS;510
LW0020C1;DORS BIEN VELOURS;511
ST4614;DORS BIEN VELOURS;512
ST4618;DORS BIEN VELOURS;513
260269;BOUGIE MUSICALE ANNIVERSAIRE;514
398511;OURS PELUCHE A SUSPENDRE;515
402507;TAPIS BAMBOU 120CMX180CM;516
402958-2;PANIER OSIER MM RECTANGULAIRE;517
402958-3;PANIER OSIER RECTANGULAIRE GM;518
403404;OURS PELUCHE 38CM;519
407018-1;CORBEILLE OSIER COULEUR PM;520
407054;MAGNET PELUCHE;521
451071;SAPIN BOUGIE MM;522
608320ST;CLIP FLEUR;523
612886;BOITE A BIJOUX;524
909155ST;JEUX MINI LABYRINTHE BOIS;525
920065;PELUCHE RESSORT;526
920147ST;PELUCHE ANIMAL MARIONNETTE SONORE;527
C1668;CHEMIN DE TABLE BAMBOU 155CMX50CM;528
D1671;OURS PELUCHE ANCIEN;529
GS7412;SOURIS PELUCHE;530
TR3931;CHIEN MARIONNETTE ABOYEUR;531
28019;MAQUILLAGE YEUX EN COFFRET;532
28020;MAQUILLAGE LEVRES EN COFFRET;533
83361;CHEMISE MC;534
84904;TEE SHIRT ML LEAGUE;535
85939;JEAN DECHIRE;536
87446;VESTE JEAN CINTREE;537
87477;CHEMISE OXFORD;538
89684;TEE SHIRT ML JERSEY DOUBLES;539
90347;PULL MOHAIR COL V JABOT;540
92217;CHEMISE ML FIL TEINT;541
92218;CHEMISE ML FIL TEINT;542
92222;CHEMISE UNIE ML;543
92223;CHEMISE UNIE ML;544
90976151;SET DE TABLE;545
20;DEO ATO 48H ORIGINAL;546
1024;DEO INTENSIVE MUSC;547
1032;DEO ATO WOMEN COTON;548
2123;APRES RASAGE ORIGINAL;549
26289;DEO BILLE FRESH;550
363383;PAIN DE TOILETTE ORIGINAL 100G;551
363383X4;4 SAVONS;552
44060;GEL DOUCHE SOIN NOURRISSANT HYDRA NUTRIUM LUMIERE ET SOIE;553
46017;SHAMPOING FORCE ET ECLAT CHEVEUX NORMAUX;554
46644;DEO BILLE 48H ORIGINAL;555
47128;SHAMPOING 2EN1 DOUCEUR VANILLE AMANDE DOUCE;556
56000;SHAMPOING SOIN EQUILIBRE CHEVEUX NORMAUX;557
56001;SHAMPOING SOIN COULEUR CHEVEUX COLORES;558
56002;SHAMPOING CHEV GRAS;559
56003;SHAMPOING 2 EN 1 TOUS TYPES DE CHEVEUX;560
56004;SHAMPOING SOIN REPARATION CHEVEUX SECS OU ABIMES;561
56012;APRES SHAMPOING CHEVEUX ABIMES OU SECS;562
56320;LAIT CORPS NOURRISSANT NUTRITION ESSENTIELLE PEAU SECHE;563
60170;LAIT CORPS NOURRISSANT ECLAT SOYEUX PEAU NORMALE;564
60390;HUILE CREME DE DOUCHE SOIE/HUILE DE NOIX;565
60538;SHAMPOING CHEV ONDULES;566
60762;SHAMPOING ANTI PELLICULAIRE;567
88300;CREME NOURRISSANTE CORPS PEAU SOYEUSE;568
88306;GEL DOUCHE ANTI HANGOVER / LENDEMAIN DIFFICILE;569
88311;GEL DOUCHE RELOAD;570
88376;GEL DOUCHE BOOST;571
K02DV02200;DEO ATO FRESH;572
1115;PORTE MONNAIE NOIR;573
1310;SAC SHIBUYA ROSE;574
1314;SAC BANDENBURG;575
1325;SAC RODEODRIVE S;576
1326;SAC NOTTINGHILL SKY;577
1328;SAC BANDOULIERE M;578
901846;SAC BANANE;579
901847;SAC BANDOULIERE;580
A2006;SAC A MAIN CONCORDE PM;581
AIXA;PR ESPADRILLES PLATE SEMELLE CORDE 40/45;582
3032;PR SOCQUETTES FANTAISIE PARME;583
3034;PR MI BAS FANTAISIE PARME;584
4853;SOIN DE JOUR HYDRATANT PH7 PEAUX NORMALES ET MIXTES;585
462745;TUBE DENTIFRICE ANTI-TACHES INTENSE;586
61588;DEO ATO 48H LEMON;587
61589;DEO ATO 48H AQUA;588
61590;DEO ATO EXOTIC;589
61592;DEO ATO 48H SPORT;590
61787;DEO ATO  SENSITIVE;591
494;BROSSE A DENTS ZIG ZAG MEDIUM;592
65702;10 SERVIETTES NORMAL;593
65703;9 SERVIETTES SUPER;594
86662;PUZZLE 100 PCS 26X36CM;595
30820000;88 MOUCHOIRS PAPIER EN BOITE;596
30820000X3;3 X 88 MOUCHOIRS PAPIER EN BOITE;597
339;CARENSAC SACHET;598
905;ZIGOTO;599
906;POLKA;600
907;TAGADA;601
920;BAMS;602
921;SUPER FRITE;603
925;BASKET;604
926;SCHTROUMPH;605
B338;DRAGIBUS SACHET;606
B913;HARIBO CROCO;607
901482;PANTACOURT;608
902258;TEE SHIRT;609
36;BOISSON GAZEUSE;610
00036X4;4 BOUTEILLES BOISSON GAZEUSE;611
5998;THE GLACE PECHE;612
05998X4;4 BOISSONS THE GLACE PECHE;613
05998X6;6 THE GLACE PECHE;614
52741;BOISSON GAZEUSE;615
52741X12;12 BOITES BOISSON GAZEUSE;616
52741X18;18 BOITES BOISSON GAZEUSE;617
2170;PAILLASSON COCO VACHE 45X75CM;618
2495;SAC PVC 42.5X39CM;619
2605;TORCHON LN/COTON 50X75CM;620
3256;2 CARACOS LES POCKETS;621
3446;CARACO POCKET;622
3486;2 STRINGS SEXY DENTELLE;623
6025;SLIP LES CLUBS;624
6250;TEE SHIRT MC SMART;625
6278;SLIP EXTRA;626
6283;TEE SHIRT MC SMART;627
6304;DEBARDEUR SKIN;628
7482;PR MI BAS FANTAISIE;629
D6358;BOXER BAGGY;630
D6367;BOXER AUSTRALIEN;631
D6368;TEE SHIRT MC AUSTRALIEN;632
276;18 FEUTRES COLORIAGE;633
328;SURLIGNEUR TECHNOLIGHT JAUNE VRAC;634
1724;4 FEUTRES FINS EN BLISTER;635
2009;18 CRAYONS COLORIAGE TROPICOLORS 2;636
32268;12 CRAYONS DE COULEUR LICENCE EN BLISTER;637
6096;12 CRAYONS DE COLORIAGE EVOLUTION;638
10032;APPLICATEUR FLUIDE RAPID VRAC;639
10068;STYLO CORRECTEUR SHAKE N SQUEEZE 8ML VRAC;640
1199013313;2 RECHARGES STYLO BILLE BLEU;641
13666;STYLO BILLE ATLANTIS BLEU;642
13667;STYLO BILLE ATLANTIS NOIR;643
16262;STYLO BILLE VELOCITY NOIR;644
31359;Z4 ROLLER 0.5 NOIR;645
31362;Z4 ROLLER 0.5 VERT;646
31367;Z4 ROLLER 0.7 CIEL EN VRAC;647
31369;Z4 ROLLER 0.7 ORANGE VRAC;648
31370;Z4 ROLLER 0.7 ROSE EN VRAC;649
31371;Z4 ROLLER 0.7 VIOLET EN VRAC;650
31529;3 MARQUEURS PERMANENT GRIP CD EN BLISTER;651
31607;MARQUEUR NOIR CD-DVD EN BLISTER;652
400847820;GOMME CONTRAST EN BLISTER;653
400889011;RUBAN CORRECTEUR MINI POCKET MOUSE;654
51088;RUBAN CORRECTEUR POCKET MOUSE 4.2MMX9M VRAC;655
51212;MINI RUBAN CORRECTEUR POCKET MOUSE 5MMX5M VRAC;656
60062;STYLO BILLE GEL VELOCITY NOIR EN VRAC;657
60064;ROLLER GEL VELOCITY ROUGE;658
66858;CAHIER EFFACABLE + 4 FEUTRES + 1 EFFACETTE;659
68150;3 CRAYONS PAILLETTES;660
68467;12 FEUTRES MINI KID COULEUR EN BLISTER;661
801092;12 CRAYONS COLORIAGE BOITE METAL;662
801653;14+4 CRAYONS DE COULEUR EVOLUTION;663
801799;2 MINI CORRECTEURS 5MMX5M EN BLISTER;664
802292;STYLO CORRECTEUR SHAKE N SQUEEZE;665
802299;2 STYLOS CORRECTEURS 8ML SHAKENSQUEEZE;666
802425;2+1 CORRECTEURS SHAKE N SQUEEZE EN BL;667
802808;3 STYLOS BILLE ATLANTIS EN BLISTER;668
8029501;18 CRAYONS COLORIAGE EVOLUTION;669
802956;12 FEUTRES KIDS COULEUR;670
802957;18 FEUTRES KIDS COULEUR;671
802961;12 CRAYONS GRAS COLORIAGE;672
802962;CRAIE COLORIAGE X 18;673
802965;12 CRAYONS DE COULEUR EN POCHETTE;674
802984;12 CRAIES DE COLORIAGE TRIANGULAIRE;675
802992;10+2  FEUTRES KID COULEUR;676
802998;3 + 1 SURLIGNEURS TECHNO LIGHT EN BLISTER;677
810005;12 CRAYONS DE COULEUR MINI TROPICOLOR 2;678
810929;12 CRAYONS DE COULEUR EVOLUTION TRIANGLE;679
811347;3+1 ROLLERS Z4 EN BLISTER;680
811912;CORRECTEUR FLUIDE RAPID EN BLISTER;681
812252;6 STYLOS CRISTAL GEL EN BLISTER;682
816142;12 CRAYONS DE COULEUR TROPICOLORS;683
820568;ROLLER GEL VELOCITY NOIR;684
820569;ROLLER GEL VELOCITY BLEU;685
820570;3 STYLOS GEL VELOCITY EN BLISTER;686
820790;CORRECTEUR 4.2MMX9M;687
820873;MARQUEUR PERMANENT GRIP NOIR EN BLISTER;688
820937;3+1  ROLLERS CRISTAL GEL EN BLISTER;689
822139;RUBAN CORRECTEUR MICRO TAPE VRAC;690
824679;CORRECTEUR MICRO TAPE EN BLISTER;691
826947;4 STYLOS BILLE CRISTAL POCKET SCENTS EN BLISTER;692
829121;2 ROLLERS GEL CRISTAL BLEU EN BLISTER;693
829137;4 ROLLERS GEL CRISTAL;694
830835;3 PORTE MINES MATIC FUN EN BLISTER;695
841028;4 RASOIRS  3 LAMES + 2 BANDES CONFORT 3;696
84160;STYLO PLUME + 6 CARTOUCHES;697
844410;10 STYLOS BILLE CRISTAL ORIGINAL ASSORTIS;698
898373;2 CORRECTEURS MICRO TAPE EN BLISTER;699
898374;2+1 CORRECTEURS 5MM X5M MINI POCKET MOUSE EN BLISTER;700
9040351;PORTE MINES TOP GUM + 12 MINES GRATUITES;701
99938;4+1 FEUTRES EFFACABLES POUR TABLEAU BLANC EN BLISTER;702
B00028;12 CRAYONS AQUARELLE AQUACOULEUR EN POCHETTE;703
B31360;Z4 ROLLER 0.5 BLEU;704
B816011;12 FEUTRES COLORIAGE KIDS COULEUR XL EN POCHETTE;705
58830;EDT VAPO TEAM FORCE;706
58840;DEO ATO  TEAM FORCE;707
D83100;DEO ATO  ICE DIVE;708
SA50400;CRAVATE SOIE;709
SA50902;CEINTURE CUIR LARGE;710
SA50972;CHEMISE ML FAUX UNI CARREAUX;711
SA51020;SLIP FANTAISIE IMPRIME;712
SA51024;SLIP CEINTURE TUBULAIRE UNI;713
SA51090;CRAVATE SOIE TISSEE;714
SA51121;CHEMISE MC COL ROMAIN BOUTON IMITATION NACRE COTON POLY;715
SA51140;SHORTY FILET COTES;716
SA51219;PR CHAUSSETTES FIL D ECOSSE COTE SERIGRAPHIE SEMELLE;717
SA51281;BOXER COUPE COUSU CEINTURE TISSEE;718
SA51380;PULL RAS DU COU BRODERIE POITRINE TON SUR TON;719
SA51390;PANTALON TWILL PEACH FORME SLACK;720
SA51391;PANTALON TWILL PEACH FORME CARGO;721
901238;HAUT LEGER;722
901752;HAUT;723
902484;PULL LEGER;724
901741;JEAN;725
901113;PANTALON;726
901985;PULL;727
902181;HAUT JERSEY MC;728
D1318;MINI BARRES CHOCOLATEES EN BOITE;729
61132;12 ESCARGOTS AU CHOCOLAT NOIR;730
2373;POELE ORDINAIRE EXTRA BLEU THERMOSPOT 28CM;731
2669;2 POELES COUP DE COEUR 20/26;732
3761;2 CASSEROLES 14/16 CM;733
4100902;CREPIERE ORDINAIRE THERMOSPOT INICIA 22CM;734
41033022;SAUTEUSE DIAM 26 THERMOSPOT INICIA + COUVERCLE;735
901567;FAITOUT / COCOTTE 22CM;736
901570;FAITOUT / COCOTTE 24CM;737
901581;SAUTEUSE DIAM 24CM;738
901583;SAUTEUSE DIAM 28 CM;739
901588;CASSEROLE ORDINAIRE SANS POIGNEE 20CM;740
901592;CASSEROLE ORDINAIRE 16CM;741
901593;CASSEROLE ORDINAIRE 18CM;742
901594;CASSEROLE ORDINAIRE 20CM;743
901605;POELE ORDINAIRE SANS MANCHE HDG 28/30CM;744
901615;POELE HDG 22/24CM;745
901623;POELE HDG 28/30CM;746
901624;POELE ORDINAIRE MDG 28/30CM;747
D20710;CREPIERE ORDINAIRE 25CM;748
PHDG28;POELE HDG 28CM;749
53521;DEBARDEUR INTERLOCK;750
F65858;COLLECTION PIROUETTE;751
548;TABLETTE CHOCOLAT NOIR PRALINE INTENSE;752
10550;TABLETTE CHOCOLAT LAIT;753
20108;TABLETTE CHOCOLAT NOIR NOISETTES;754
20108X2;2 TABLETTES CHOCOLAT NOIR NOISETTES;755
24559;4 TABLETTES CHOCOLAT LAIT NOISETTES;756
28080;TABLETTE CHOCOLAT LAIT RIZ CROUSTILLANT;757
65403;CAFE MOULU;758
76801;CRAVATE LICENCE;759
76841;CRAVATE LICENCE;760
6LR61GR1;PILE ALCALINE 9V;761
LR03GR4;4 PILES ALCALINE 1.5V;762
LR14GR2;2 PILES ALCALINE 1.5V R14;763
LR20GR2;2 PILES ALCALINE 1.5V;764
LR6GR4;4 PILES ALCALINE 1.5V;765
12938;10 PILES MONTRE;766
82099;BROSSE BIEN ETRE;767
A20005;SHAMPOING COLORANT NO 15 BLOND MOYEN;768
990;20 LINGETTES CHAUSSURES;769
1390;12 LINGETTES LUSTRAGE AUTO;770
900656;PR LUNETTES DE SOLEIL ADULTE;771
901650;PR LUNETTES DE SOLEIL VRAC;772
901810;SWEAT CAPUCHE MAFIA GANG;773
7613;2 STYLOS FEUTRE EN BLISTER;774
2796;5 TABLETTES CHOCOLAT NOIR EXTRA;775
901404;JEAN CLAIR;776
902501;PULL;777
902507;JEAN;778
902509;TEE SHIRT ML;779
902515;CHEMISE;780
902517;JEAN TOILE;781
901027;HAUT;782
16643;JEAN;783
3001;SHAMPOING LISS;784
3005;APRES SHAMPOING LISS;785
3012;POT MASQUE CAPILLAIRE COLOR;786
3014;GEL CHEV COIFFANT;787
3015;GEL CHEV STRUCTURANT;788
3016;GEL CHEV HERISSANT;789
3018;SHAMPOING KARITE;790
3020;GOMMAGE VISAGE EXFOLIANT PECHE;791
3021;CREME MAIN KARITE;792
3035;DEMAQUILLANT YEUX DEMAQ DOUX;793
3036;MASQUE CAPILLAIRE KARITE EN POT;794
3041;CREME VISAGE ET CORPS  CACAO;795
3044;EXFOLIANT CORPOREL ABRICOT;796
3046;GOMMAGE HYDRATANT KARITE EN TUBE;797
3047;MASQUE NOURRISSANT BEURRE DE KARITE EN TUBE;798
3049;MASQUE CAPILAIRE COLOR PROTECTEUR EN POT;799
3050;HUILE D AMANDE DOUCE;800
3053;HUILE DE KARITE;801
3055;CREME DEPILATOIRE AU KARITE EN TUBE;802
3056;CREME DEPILATOIRE A L ALOE VERA EN TUBE;803
3057;DISSOLVANT AU JOJOBA EN FLACON;804
3058;SOIN HYDRATANT JOUR ENERGIE EN POT;805
3059;SOIN HYDRATANT NUIT INTENSE EN POT;806
3060;LAIT DEMAQUILLANT EN FLACON;807
3062;SOIN HYDRATANT RIDES ABSOLU EN POT;808
3063;LAIT CORPOREL KARITE EN FLACON;809
C3017;APRES SHAMPOING KARITE;810
C3023;MASQUE VISAGE PURIFIANT ARGILE;811
398038;MASQUE CAPILLAIRE CHEV COLORES;812
398041;MASQUE CAPILLAIRE CHEV CASSANTS;813
399063;LIFT GEL AMINCISSANT;814
399064;LIFT CREME AMINCISSANTE;815
399092;MASQUE OXYGENANT MULTI VIT;816
399944;EQUILIBRE DE JOUR HYDRATANT POT;817
399945;SOIN NUTRITIF DE NUIT VITAMINE POT;818
399946;ANTI RIDES LIPOSZOME EN POT;819
401311;VASELINE PURE;820
401328;CREME A L ARNICA;821
401355;CREME DE MASSAGE CAMPHREE;822
L401474;GEL LAVANT ANTIBACTERIEN;823
030FEST432;FILM ETIRABLE 30M;824
130PRN0501;10 SACS POUBELLE 130L;825
26126;LIQUIDE VAISSELLE ANTIBACTERIEN;826
26127;LIQUIDE VAISSELLE CITRON VERT;827
26128;LIQUIDE VAISSELLE MANDARINE;828
26129;LIQUIDE VAISSELLE CERISE;829
ST3351;BOUTEILLE ISOTHERME ACIER MAT 500ML;830
SC012;SHORTY SANS COUTURE CEINTURE CONTRASTEE;831
32307;TUBE DENTIFRICE ACTION FRAICHEUR;832
A10BA02000;COLORATION GRIS NACRE;833
A10BA04000;COLORATION GRIS BLEUTE;834
A10BC02000;COLORATION 01 BLOND CLAIR;835
A10BC03000;COLORATION 02 BLOND;836
A10BC04000;COLORATION 03 BLOND DORE;837
A10BC05000;COLORATION 04 BLOND CENDRE;838
A10BC06000;COLORATION 05 BLOND FONCE;839
A10BC07000;COLORATION 06 BLOND TRES CLAIR;840
A10BC08000;COLORATION 07 BLOND CLAIR CENDRE;841
A10BC09000;COLORATION 63 BLOND FONCE DORE;842
A10BC10000;COLORATION 110 BLOND TRES TRES CLAIR NATUREL;843
A10BC11000;COLORATION 83 BLOND CLAIR DORE;844
A10BC12000;COLORATION 112 BLOND TRES CLAIR DORE;845
A10BC13000;COLORATION 20 CHATAIN CLAIR;846
A10BC14000;COLORATION 21 CHATAIN CLAIR DORE;847
A10BC15000;COLORATION 22 CHATAIN;848
A10BC16000;COLORATION 23 CHATAIN DORE;849
A10BC17000;COLORATION 24 CHATAIN FONCE;850
A10BC18000;COLORATION 41 NOISETTE;851
A10BC19000;COLORATION 28 CHATAIN MARRON;852
A10BC20000;COLORATION 30 ROUGE INTENSE;853
A10BC23000;COLORATION 46 CHATAIN PRUNE;854
A10BC24000;COLORATION 48 CUIVRE;855
A10BC25000;COLORATION 50 ACAJOU;856
A10BC26000;COLORATION 51 ACAJOU FONCE;857
A10BC27000;COLORATION 52 CHATAIN IRISE;858
A10BC28000;COLORATION 56 AUBURN;859
A10BC29000;COLORATION 47 CUIVRE CLAIR;860
A10BC30000;COLORATION 80 NOIR;861
A10BC31000;COLORATION 81 NOIR BLEUTE;862
A10BC37000;COLORATION 34 BLOND FONCE DORE CUIVRE NATUREL;863
A10BC38000;COLORATION 53 CHATAIN CLAIR DORE ACAJOU;864
A10CC02000;COLORATION 010 NOIR INTENSE;865
A10CC03000;COLORATION 210 NOIR BLEU;866
A10CC05000;COLORATION 426 VIOLINE PROFOND;867
A10CC06000;COLORATION 316 VIOLINE;868
A10CC07000;COLORATION 450 ACAJOU FONCE;869
A10CC08000;COLORATION 556 ACAJOU ROUGE;870
A10CC10000;COLORATION 552 MARRON IRISE;871
A10CC11000;COLORATION 401 CHATAIN PROFOND;872
A10CC12000;COLORATION 300 CHATAIN FONCE;873
A10CC13000;COLORATION 533 CHATAIN CLAIR DORE;874
A10CC15000;COLORATION 562 AUBURN;875
A10CC17000;COLORATION 764 ROUGE CUIVRE CLAIR;876
A10CC20000;COLORATION 660 ROUGE INTENSE;877
A10CC22000;COLORATION 746 CUIVRE ROUGE;878
A10CC30000;COLORATION 415 CHATAIN GLACE;879
A10CC31000;COLORATION 830 BLOND CLAIR DORE;880
A10CD02000;SHAMPOING ECLAIRCISSANT CENDRE;881
A10CD03000;CREME LEGEREMENT ECLAIRCISSANTE EFFET ANTI-PAILLE;882
A10CM02000;CRISTAL MECHES SOIN NUTRITIF DEJAUNISSEUR;883
A10CO02000;COLORATION 68 NOISETTE DOREE;884
A10DC02000;SHAMPOING DECOLORANT;885
A10KN03000;KIT NUANCEUR 2 BLOND FONCE;886
A10KN04000;KIT NUANCEUR 3 CUIVRE ROUGE OU ACAJOU;887
A10KN05000;KIT NUANCEUR 4 CHATAIN;888
A10LU02000;COLORATION NO 83 BLOND CLAIR DORE;889
A10MO02000;COLORATION 05 BLOND;890
A10MO03000;COLORATION 10 BLOND DORE;891
A10MO04000;COLORATION 12 DORE CUIVRE;892
A10MO05000;COLORATION 15 BLOND FONCE;893
A10MO07000;COLORATION 20 CUIVRE;894
A10MO08000;COLORATION 22 ACAJOU CUIVRE;895
A10MO09000;COLORATION 23 CHATAIGNE;896
A10MO10000;COLORATION 25 CHATAIN CLAIR;897
A10MO11000;COLORATION 26 CHATAIN CLAIR DORE;898
A10MO12000;COLORATION 27 GRENAT;899
A10MO13000;COLORATION 30 ACAJOU;900
A10MO14000;COLORATION 35 CHATAIN;901
A10MO15000;COLORATION 40 AUBURN;902
A10MO16000;COLORATION 45 CHATAIN FONCE;903
A10MO17000;COLORATION 47 ROUGE PROFOND;904
A10MO18000;COLORATION 50 PRUNE;905
A10MO19000;COLORATION 55 NOIR;906
A10MO20000;COLORATION 60 NOIR BLEUTE;907
A10NU02000;SOIN DECOLORANT INTENSE CHEVEUX BLONDS;908
A10NU03000;COLORATION 1 NOIRE;909
A10NU04000;COLORATION 50 CHOCOLAT;910
A10NU05000;COLORATION 30 CHATAIN FONCE NATUREL;911
A10NU07000;COLORATION 42 CASSIS DELICE;912
A10NU08000;COLORATION 43 CAPUCCINO;913
A10NU10000;COLORATION 46;914
A10NU11000;COLORATION 53 NOISETTE;915
A10NU12000;COLORATION 54 PRALINE;916
A10NU14000;COLORATION 60 CANNELLE;917
A10NU15000;COLORATION 40 CACAO;918
A10NU16000;COLORATION 65 PAPRIKA;919
A10NU17000;COLORATION 66 GRENADINE;920
A10NU18000;COLORATION 73 MIEL DORE;921
A10NU19000;COLORATION 74 MANGUE DIVINE;922
A10NU20000;COLORATION 76 NECTARINE;923
A10NU21000;COLORATION 81 CHAMPAGNE;924
A10NU23000;COLORATION 90 BLOND PEPITE;925
A10NU24000;COLORATION 100 CAMOMILLE;926
A10NU25000;COLORATION 101 SABLE BLOND;927
A10NU27000;COLORATION 80 BLOND VANILLE;928
A10NU28000;COLORATION 83 ECLAT D OR;929
A10NU30000;COLORATION 36 BRUN ROUGE PROFOND;930
A10PE02000;COLORATION CHEV NATUREL;931
A10PE03000;COLORATION PERMANENTE PROTECTRICE CHEVEUX COLORES;932
A10RE01050;BRILLANTINE PARFUM;933
A10RPD2000;COLORATION NATUREL;934
A10RPD3000;COLORATION DORE;935
A10RPD4000;COLORATION  ECLAIRCISSANT;936
A10RPD5000;COLORATION PLATINE;937
A10RPD6000;COLORATION CENDRE;938
A10RPD7000;COLORATION TABAC;939
A10RPD8000;COLORATION ACAJOU;940
A10RPD9000;COLORATION ARGENT;941
A10RPF2000;LOTION DE MIS EN PLIS CHEVEUX NORMAUX;942
A10RPF3000;LOTION DE MIS EN PLIS CHEVEUX GRAS;943
A10STG0300;COLORATION BLOND BEIGE;944
A10STG0400;COLORATION BLOND DORE;945
A10STG0500;COLORATION ARGENT;946
A10STG0600;COLORATION ECLAIRCISSANT;947
A10STG0700;COLORATION BLOND CENDRE;948
ABAS06286;LINGETTE VISAGE NO TRACE BRONZEUR;949
ABAS08001;SPRAY AUTOBRONZANT NO TRACE BRONZEUR;950
ABAS10001;PERFECT BRONZEUR EN TUBE;951
ABAS34635;LINGETTE CORPS NO TRACE BRONZEUR;952
ABAS66003;TUBE GLOSS BRONZEUR SPECIAL JAMBES;953
AS00600;SPRAY HUILE BRONZANTE IP6;954
AS08104;ATO IP15;955
AS08106;SPRAY PROTECTEUR HYDRATANT IP30;956
AS08599;SPRAY HYDRATANT APRES SOLEIL;957
AS11006;SPRAY PROTECTEUR HYDRATANT IP20;958
AS15001;STICK LEVRES IP20;959
AS27650;SPRAY PROTECTEUR TRANSPARENT CLEAR PROTECT+ IP10;960
AS27651;SPRAY PROTECTEUR CLEAR PROTECT+ IP20;961
AS27652;SPRAY PROTECTEUR CLEAR PROTECT+ IP30;962
AS27921;POCKET LAIT SACHET IP4;963
AS27922;POCKET LAIT SACHET IP12;964
AS27923;POCKET LAIT SACHET IP30;965
AS28099;HUILE BRONZANTE INTENSE SENTEURS COCO;966
AS30001;LAIT PROTECTEUR HYDRATANT RESISTO ENFANT IP50+;967
AS31099;HUILE BRONZANTE TRADITIONNELLE PARFUM DORIGINE;968
AS35001;LAIT PROTECTEUR UV SENSITIVE IP50+;969
AS39099;LAIT HYDRATANT APRES SOLEIL;970
AS41001;LAIT RICHE REPARATEUR APRES SOLEIL;971
AS48001;ATO IP10;972
AS59001;LAIT PROTECTEUR ANTI-DESSECHEMENT IP20;973
AS67001;LAIT PROTECTEUR ANTI-DESSECHEMENT IP30;974
BLFS13371;RAL FOREVER SUPERSTAY 400 ROUGE PASSION EN  BLISTER;975
BLFS13372;RAL FOREVER SUPERSTAY 401 GRIOTTE EN BLISTER;976
BLFS13374;RAL FOREVER SUPERSTAY 403 MANGUE EN BLISTER;977
BLFS13375;RAL FOREVER SUPERSTAY 404 CORAIL CUIVRE EN BLISTER;978
BLFS13378;RAL FOREVER SUPERSTAY 407 TAUPE INSOLITE;979
BLFS13379;RAL FOREVER SUPERSTAY 408 CHATAIGNE;980
BLFS13380;RAL FOREVER SUPERSTAY 409 BRUN INTEMPOREL;981
BLFS13382;RAL FOREVER SUPERSTAY 411 MAUVE ACIER EN BLISTER;982
BLFS13385;RAL FOREVER SUPERSTAY 414 BORDEAUX INFINI;983
BLFS13386;RAL FOREVER SUPERSTAY 415 QUETSCHE;984
BLFS13388;RAL FOREVER SUPERSTAY 417 BOIS DE MAUVE;985
BLFS13390;RAL FOREVER SUPERSTAY 419 FRAMBOISE INFINI;986
BLFS13391;RAL FOREVER SUPERSTAY 420 ROSE GLACE;987
BLFS13392;RAL FOREVER SUPERSTAY 421 VIOLET  EN BLISTER;988
BLFS13888;BAUME FOREVER SUPERSTAY;989
BLFS25949;BAUME FOREVER SUPERSTAY 02 BRILLANCE OR;990
C04CD01126;LOTION FRAICHEUR DEMAQUILLANTE DOUCEUR;991
C04CD01127;DEMAQUILLANT 2 EN 1 TOUS MAQUILLAGE;992
C04EM01126;DISSOLVANT DOUCEUR EXTRAIT AVOCAT;993
C04EM01127;DISSOLVANT EXTRAIT AMANDE DOUCE;994
C04GE03201;DEMAQUILLANT VISAGE ET YEUX;995
D02OB01206;DEO FRAICHEUR DE L EVEIL;996
D02OB09052;DEO BILLE 48H VANILLE PEAUX SENSIBLES;997
D02OB09053;DEO BILLE LOTUS;998
D04BR02401;LAIT REPARATEUR ANTI DESSECHEMENT PEAUX EXTRA SECHE;999
D04BT01250;LAIT HYDRATANT RAFFERMISSANT;1000
D04BT04200;GEL AMINCISSANT ANTI-CELLULITE;1001
D04BT06050;ROLL ON AMINCISSANT;1002
D04FR02301;MASQUE POT HYDRA LISS;1003
D04FR02303;MASQUE POT COLOR RESIST;1004
D04FR02304;MASQUE FORTIFIANT NUTRI REPAIR 3 HUILES;1005
D04SN01016;SOIN ANTI RIDE CONTOUR DES YEUX EN TUBE;1006
D04SN01051;SOIN ANTI-RIDES REGENERANT NUIT ULTRALIFT;1007
D04SN01055;SOIN DE JOUR ANTI-RIDES FERMETE ULTRALIFT COMPLETE BEAUTY;1008
D04SN02041;SOIN TUBE PURE A ANTIBACTERIEN;1009
D04SN02251;LOTION PURE ASTRINGENTE;1010
D04SN04151;GEL DESINCRUSTANT ANTI-POINTS NOIRS PURE ACTIVE;1011